declaring_class,member,kind,rust_fn,params,result_type,result_kind,result_shape,derived,note
AcceptActionUsage,payloadArgument,property,accept_action_usage_payload_argument,,Expression,element,N,yes,
AcceptActionUsage,payloadParameter,property,accept_action_usage_payload_parameter,,ReferenceUsage,element,R,yes,
AcceptActionUsage,receiverArgument,property,accept_action_usage_receiver_argument,,Expression,element,N,yes,
AcceptActionUsage,isTriggerAction,operation,accept_action_usage_is_trigger_action,,,,,,
ActionDefinition,action,property,action_definition_action,,ActionUsage,element,A,yes,
ActionUsage,actionDefinition,property,action_usage_action_definition,,Behavior,element,A,yes,
ActionUsage,argument,operation,action_usage_argument,i,,,,,
ActionUsage,inputParameter,operation,action_usage_input_parameter,i,,,,,
ActionUsage,inputParameters,operation,action_usage_input_parameters,,,,,,
ActionUsage,isSubactionUsage,operation,action_usage_is_subaction_usage,,,,,,
ActorMembership,ownedActorParameter,property,actor_membership_owned_actor_parameter,,PartUsage,element,R,yes,
AllocationDefinition,allocation,property,allocation_definition_allocation,,AllocationUsage,element,A,yes,
AllocationUsage,allocationDefinition,property,allocation_usage_allocation_definition,,AllocationDefinition,element,A,yes,
AnalysisCaseDefinition,resultExpression,property,analysis_case_definition_result_expression,,Expression,element,N,yes,
AnalysisCaseUsage,analysisCaseDefinition,property,analysis_case_usage_analysis_case_definition,,AnalysisCaseDefinition,element,N,yes,
AnalysisCaseUsage,resultExpression,property,analysis_case_usage_result_expression,,Expression,element,N,yes,
AnnotatingElement,annotatedElement,property,annotating_element_annotated_element,,Element,element,A,yes,
AnnotatingElement,annotation,property,annotating_element_annotation,,Annotation,element,A,yes,
AnnotatingElement,ownedAnnotatingRelationship,property,annotating_element_owned_annotating_relationship,,Annotation,element,A,yes,
AnnotatingElement,owningAnnotatingRelationship,property,annotating_element_owning_annotating_relationship,,Annotation,element,N,yes,
Annotation,annotatedElement,property,annotation_annotated_element,,Element,element,R,no,
Annotation,annotatingElement,property,annotation_annotating_element,,AnnotatingElement,element,R,yes,
Annotation,ownedAnnotatingElement,property,annotation_owned_annotating_element,,AnnotatingElement,element,N,yes,
Annotation,owningAnnotatedElement,property,annotation_owning_annotated_element,,Element,element,N,yes,
Annotation,owningAnnotatingElement,property,annotation_owning_annotating_element,,AnnotatingElement,element,N,yes,
AssertConstraintUsage,assertedConstraint,property,assert_constraint_usage_asserted_constraint,,ConstraintUsage,element,R,yes,
AssignmentActionUsage,referent,property,assignment_action_usage_referent,,Feature,element,R,yes,
AssignmentActionUsage,targetArgument,property,assignment_action_usage_target_argument,,Expression,element,N,yes,
AssignmentActionUsage,valueExpression,property,assignment_action_usage_value_expression,,Expression,element,N,yes,
Association,associationEnd,property,association_association_end,,Feature,element,A,yes,
Association,relatedType,property,association_related_type,,Type,element,A,yes,
Association,sourceType,property,association_source_type,,Type,element,N,yes,
Association,targetType,property,association_target_type,,Type,element,A,yes,
AttributeUsage,attributeDefinition,property,attribute_usage_attribute_definition,,DataType,element,A,yes,
Behavior,parameter,property,behavior_parameter,,Feature,element,A,yes,
Behavior,step,property,behavior_step,,Step,element,A,yes,
BooleanExpression,predicate,property,boolean_expression_predicate,,Predicate,element,N,yes,
CalculationDefinition,calculation,property,calculation_definition_calculation,,CalculationUsage,element,A,yes,
CalculationUsage,calculationDefinition,property,calculation_usage_calculation_definition,,Function,element,N,no,
CaseDefinition,actorParameter,property,case_definition_actor_parameter,,PartUsage,element,A,yes,
CaseDefinition,objectiveRequirement,property,case_definition_objective_requirement,,RequirementUsage,element,N,yes,
CaseDefinition,subjectParameter,property,case_definition_subject_parameter,,Usage,element,R,yes,
CaseUsage,actorParameter,property,case_usage_actor_parameter,,PartUsage,element,A,yes,
CaseUsage,caseDefinition,property,case_usage_case_definition,,CaseDefinition,element,N,yes,
CaseUsage,objectiveRequirement,property,case_usage_objective_requirement,,RequirementUsage,element,N,yes,
CaseUsage,subjectParameter,property,case_usage_subject_parameter,,Usage,element,R,yes,
Classifier,ownedSubclassification,property,classifier_owned_subclassification,,Subclassification,element,A,yes,
Comment,body,property,comment_body,,String,primitive,S,no,
Comment,locale,property,comment_locale,,String,primitive,N,no,
ConcernUsage,concernDefinition,property,concern_usage_concern_definition,,ConcernDefinition,element,N,yes,
ConjugatedPortDefinition,originalPortDefinition,property,conjugated_port_definition_original_port_definition,,PortDefinition,element,R,yes,
ConjugatedPortDefinition,ownedPortConjugator,property,conjugated_port_definition_owned_port_conjugator,,PortConjugation,element,R,yes,
ConjugatedPortTyping,conjugatedPortDefinition,property,conjugated_port_typing_conjugated_port_definition,,ConjugatedPortDefinition,element,R,no,
ConjugatedPortTyping,portDefinition,property,conjugated_port_typing_port_definition,,PortDefinition,element,R,yes,
Conjugation,conjugatedType,property,conjugation_conjugated_type,,Type,element,R,no,
Conjugation,originalType,property,conjugation_original_type,,Type,element,R,no,
Conjugation,owningType,property,conjugation_owning_type,,Type,element,N,yes,
ConnectionDefinition,connectionEnd,property,connection_definition_connection_end,,Usage,element,A,yes,
ConnectionUsage,connectionDefinition,property,connection_usage_connection_definition,,AssociationStructure,element,A,yes,
Connector,association,property,connector_association,,Association,element,A,yes,
Connector,connectorEnd,property,connector_connector_end,,Feature,element,A,yes,
Connector,defaultFeaturingType,property,connector_default_featuring_type,,Type,element,N,yes,
Connector,relatedFeature,property,connector_related_feature,,Feature,element,A,yes,
Connector,sourceFeature,property,connector_source_feature,,Feature,element,N,yes,
Connector,targetFeature,property,connector_target_feature,,Feature,element,A,yes,
ConstraintUsage,constraintDefinition,property,constraint_usage_constraint_definition,,Predicate,element,N,yes,
ControlNode,multiplicityHasBounds,operation,control_node_multiplicity_has_bounds,mult;lower;upper,,,,,
CrossSubsetting,crossedFeature,property,cross_subsetting_crossed_feature,,Feature,element,R,no,
CrossSubsetting,crossingFeature,property,cross_subsetting_crossing_feature,,Feature,element,R,no,
Definition,directedUsage,property,definition_directed_usage,,Usage,element,A,yes,
Definition,isVariation,property,definition_is_variation,,Boolean,primitive,N,no,
Definition,ownedAction,property,definition_owned_action,,ActionUsage,element,A,yes,
Definition,ownedAllocation,property,definition_owned_allocation,,AllocationUsage,element,A,yes,
Definition,ownedAnalysisCase,property,definition_owned_analysis_case,,AnalysisCaseUsage,element,A,yes,
Definition,ownedAttribute,property,definition_owned_attribute,,AttributeUsage,element,A,yes,
Definition,ownedCalculation,property,definition_owned_calculation,,CalculationUsage,element,A,yes,
Definition,ownedCase,property,definition_owned_case,,CaseUsage,element,A,yes,
Definition,ownedConcern,property,definition_owned_concern,,ConcernUsage,element,A,yes,
Definition,ownedConnection,property,definition_owned_connection,,ConnectorAsUsage,element,A,yes,
Definition,ownedConstraint,property,definition_owned_constraint,,ConstraintUsage,element,A,yes,
Definition,ownedEnumeration,property,definition_owned_enumeration,,EnumerationUsage,element,A,yes,
Definition,ownedFlow,property,definition_owned_flow,,FlowUsage,element,A,yes,
Definition,ownedInterface,property,definition_owned_interface,,InterfaceUsage,element,A,yes,
Definition,ownedItem,property,definition_owned_item,,ItemUsage,element,A,yes,
Definition,ownedMetadata,property,definition_owned_metadata,,MetadataUsage,element,A,yes,
Definition,ownedOccurrence,property,definition_owned_occurrence,,OccurrenceUsage,element,A,yes,
Definition,ownedPart,property,definition_owned_part,,PartUsage,element,A,yes,
Definition,ownedPort,property,definition_owned_port,,PortUsage,element,A,yes,
Definition,ownedReference,property,definition_owned_reference,,ReferenceUsage,element,A,yes,
Definition,ownedRendering,property,definition_owned_rendering,,RenderingUsage,element,A,yes,
Definition,ownedRequirement,property,definition_owned_requirement,,RequirementUsage,element,A,yes,
Definition,ownedState,property,definition_owned_state,,StateUsage,element,A,yes,
Definition,ownedTransition,property,definition_owned_transition,,TransitionUsage,element,A,yes,
Definition,ownedUsage,property,definition_owned_usage,,Usage,element,A,yes,
Definition,ownedUseCase,property,definition_owned_use_case,,UseCaseUsage,element,A,yes,
Definition,ownedVerificationCase,property,definition_owned_verification_case,,VerificationCaseUsage,element,A,yes,
Definition,ownedView,property,definition_owned_view,,ViewUsage,element,A,yes,
Definition,ownedViewpoint,property,definition_owned_viewpoint,,ViewpointUsage,element,A,yes,
Definition,usage,property,definition_usage,,Usage,element,A,yes,
Definition,variant,property,definition_variant,,Usage,element,A,yes,
Definition,variantMembership,property,definition_variant_membership,,VariantMembership,element,A,yes,
Dependency,client,property,dependency_client,,Element,element,A,no,
Dependency,supplier,property,dependency_supplier,,Element,element,A,no,
Differencing,differencingType,property,differencing_differencing_type,,Type,element,R,no,
Differencing,typeDifferenced,property,differencing_type_differenced,,Type,element,R,yes,
Disjoining,disjoiningType,property,disjoining_disjoining_type,,Type,element,R,no,
Disjoining,owningType,property,disjoining_owning_type,,Type,element,N,yes,
Disjoining,typeDisjoined,property,disjoining_type_disjoined,,Type,element,R,no,
Documentation,documentedElement,property,documentation_documented_element,,Element,element,R,yes,
Element,aliasIds,property,element_alias_ids,,String,primitive,A,no,
Element,declaredName,property,element_declared_name,,String,primitive,N,no,
Element,declaredShortName,property,element_declared_short_name,,String,primitive,N,no,
Element,documentation,property,element_documentation,,Documentation,element,A,yes,
Element,elementId,property,element_element_id,,String,primitive,N,no,
Element,isImpliedIncluded,property,element_is_implied_included,,Boolean,primitive,N,no,
Element,isLibraryElement,property,element_is_library_element,,Boolean,primitive,N,yes,
Element,name,property,element_name,,String,primitive,N,yes,CONFLICT: a function with this name exists today and returns declaredName (different meaning). Existing callers must be audited or the legacy fn renamed.
Element,ownedAnnotation,property,element_owned_annotation,,Annotation,element,A,yes,
Element,ownedElement,property,element_owned_element,,Element,element,A,yes,
Element,ownedRelationship,property,element_owned_relationship,,Relationship,element,A,no,
Element,owner,property,element_owner,,Element,element,N,yes,
Element,owningMembership,property,element_owning_membership,,OwningMembership,element,N,yes,
Element,owningNamespace,property,element_owning_namespace,,Namespace,element,N,yes,
Element,owningRelationship,property,element_owning_relationship,,Relationship,element,N,no,
Element,qualifiedName,property,element_qualified_name,,String,primitive,N,yes,A function with this name exists today and appears to mean the same; confirm and reuse.
Element,shortName,property,element_short_name,,String,primitive,N,yes,CONFLICT: a function with this name exists today and returns declaredShortName (different meaning). Existing callers must be audited or the legacy fn renamed.
Element,textualRepresentation,property,element_textual_representation,,TextualRepresentation,element,A,yes,
Element,effectiveName,operation,element_effective_name,,,,,,A function with this name exists today and appears to mean the same; confirm and reuse.
Element,effectiveShortName,operation,element_effective_short_name,,,,,,
Element,escapedName,operation,element_escaped_name,,,,,,
Element,libraryNamespace,operation,element_library_namespace,,,,,,
Element,path,operation,element_path,,,,,,
ElementFilterMembership,condition,property,element_filter_membership_condition,,Expression,element,R,yes,
EnumerationDefinition,enumeratedValue,property,enumeration_definition_enumerated_value,,EnumerationUsage,element,A,yes,
EnumerationUsage,enumerationDefinition,property,enumeration_usage_enumeration_definition,,EnumerationDefinition,element,R,yes,
EventOccurrenceUsage,eventOccurrence,property,event_occurrence_usage_event_occurrence,,OccurrenceUsage,element,R,yes,
ExhibitStateUsage,exhibitedState,property,exhibit_state_usage_exhibited_state,,StateUsage,element,R,yes,
Expression,function,property,expression_function,,Function,element,N,yes,
Expression,isModelLevelEvaluable,property,expression_is_model_level_evaluable,,Boolean,primitive,N,yes,
Expression,result,property,expression_result,,Feature,element,R,yes,
Expression,checkCondition,operation,expression_check_condition,target,,,,,
Expression,evaluate,operation,expression_evaluate,target,,,,,"the XMI parameter named ""result"" is the return value (specification signature checked 2026-09-27); not an argument"
Expression,modelLevelEvaluable,operation,expression_model_level_evaluable,visited,,,,,
Feature,chainingFeature,property,feature_chaining_feature,,Feature,element,A,yes,
Feature,crossFeature,property,feature_cross_feature,,Feature,element,N,yes,
Feature,direction,property,feature_direction,,FeatureDirectionKind,enum,N,no,
Feature,endOwningType,property,feature_end_owning_type,,Type,element,N,yes,
Feature,featureTarget,property,feature_feature_target,,Feature,element,R,yes,
Feature,featuringType,property,feature_featuring_type,,Type,element,A,yes,
Feature,isComposite,property,feature_is_composite,,Boolean,primitive,N,no,
Feature,isConstant,property,feature_is_constant,,Boolean,primitive,N,no,
Feature,isDerived,property,feature_is_derived,,Boolean,primitive,N,no,
Feature,isEnd,property,feature_is_end,,Boolean,primitive,N,no,
Feature,isOrdered,property,feature_is_ordered,,Boolean,primitive,N,no,
Feature,isPortion,property,feature_is_portion,,Boolean,primitive,N,no,
Feature,isUnique,property,feature_is_unique,,Boolean,primitive,N,no,
Feature,isVariable,property,feature_is_variable,,Boolean,primitive,N,no,
Feature,ownedCrossSubsetting,property,feature_owned_cross_subsetting,,CrossSubsetting,element,N,yes,
Feature,ownedFeatureChaining,property,feature_owned_feature_chaining,,FeatureChaining,element,A,yes,
Feature,ownedFeatureInverting,property,feature_owned_feature_inverting,,FeatureInverting,element,A,yes,
Feature,ownedRedefinition,property,feature_owned_redefinition,,Redefinition,element,A,yes,
Feature,ownedReferenceSubsetting,property,feature_owned_reference_subsetting,,ReferenceSubsetting,element,N,yes,
Feature,ownedSubsetting,property,feature_owned_subsetting,,Subsetting,element,A,yes,
Feature,ownedTypeFeaturing,property,feature_owned_type_featuring,,TypeFeaturing,element,A,yes,
Feature,ownedTyping,property,feature_owned_typing,,FeatureTyping,element,A,yes,
Feature,owningFeatureMembership,property,feature_owning_feature_membership,,FeatureMembership,element,N,yes,
Feature,owningType,property,feature_owning_type,,Type,element,N,yes,
Feature,type,property,feature_type,,Type,element,A,yes,
Feature,allRedefinedFeatures,operation,feature_all_redefined_features,,,,,,
Feature,asCartesianProduct,operation,feature_as_cartesian_product,,,,,,
Feature,canAccess,operation,feature_can_access,feature,,,,,
Feature,directionFor,operation,feature_direction_for,ty,,,,,
Feature,isCartesianProduct,operation,feature_is_cartesian_product,,,,,,
Feature,isFeaturedWithin,operation,feature_is_featured_within,ty,,,,,
Feature,isFeaturingType,operation,feature_is_featuring_type,ty,,,,,
Feature,isOwnedCrossFeature,operation,feature_is_owned_cross_feature,,,,,,
Feature,namingFeature,operation,feature_naming_feature,,,,,,
Feature,ownedCrossFeature,operation,feature_owned_cross_feature,,,,,,
Feature,redefines,operation,feature_redefines,redefined_feature,,,,,
Feature,redefinesFromLibrary,operation,feature_redefines_from_library,library_feature_name,,,,,
Feature,subsetsChain,operation,feature_subsets_chain,first;second,,,,,
Feature,typingFeatures,operation,feature_typing_features,,,,,,
FeatureChainExpression,targetFeature,property,feature_chain_expression_target_feature,,Feature,element,R,yes,
FeatureChainExpression,sourceTargetFeature,operation,feature_chain_expression_source_target_feature,,,,,,
FeatureChaining,chainingFeature,property,feature_chaining_chaining_feature,,Feature,element,R,no,
FeatureChaining,featureChained,property,feature_chaining_feature_chained,,Feature,element,R,yes,
FeatureInverting,featureInverted,property,feature_inverting_feature_inverted,,Feature,element,R,no,
FeatureInverting,invertingFeature,property,feature_inverting_inverting_feature,,Feature,element,R,no,
FeatureInverting,owningFeature,property,feature_inverting_owning_feature,,Feature,element,N,yes,
FeatureMembership,ownedMemberFeature,property,feature_membership_owned_member_feature,,Feature,element,R,yes,
FeatureMembership,owningType,property,feature_membership_owning_type,,Type,element,R,yes,
FeatureReferenceExpression,referent,property,feature_reference_expression_referent,,Feature,element,R,yes,
FeatureTyping,owningFeature,property,feature_typing_owning_feature,,Feature,element,N,yes,
FeatureTyping,type,property,feature_typing_type,,Type,element,R,no,
FeatureTyping,typedFeature,property,feature_typing_typed_feature,,Feature,element,R,no,
FeatureValue,featureWithValue,property,feature_value_feature_with_value,,Feature,element,R,yes,
FeatureValue,isDefault,property,feature_value_is_default,,Boolean,primitive,N,no,
FeatureValue,isInitial,property,feature_value_is_initial,,Boolean,primitive,N,no,
FeatureValue,value,property,feature_value_value,,Expression,element,R,yes,
Flow,flowEnd,property,flow_flow_end,,FlowEnd,element,A,yes,
Flow,interaction,property,flow_interaction,,Interaction,element,A,yes,
Flow,payloadFeature,property,flow_payload_feature,,PayloadFeature,element,N,yes,
Flow,payloadType,property,flow_payload_type,,Classifier,element,A,yes,
Flow,sourceOutputFeature,property,flow_source_output_feature,,Feature,element,N,yes,
Flow,targetInputFeature,property,flow_target_input_feature,,Feature,element,N,yes,
FlowDefinition,flowEnd,property,flow_definition_flow_end,,Usage,element,A,yes,
FlowUsage,flowDefinition,property,flow_usage_flow_definition,,Interaction,element,A,yes,
ForLoopActionUsage,loopVariable,property,for_loop_action_usage_loop_variable,,ReferenceUsage,element,R,yes,
ForLoopActionUsage,seqArgument,property,for_loop_action_usage_seq_argument,,Expression,element,R,yes,
FramedConcernMembership,ownedConcern,property,framed_concern_membership_owned_concern,,ConcernUsage,element,R,yes,
FramedConcernMembership,referencedConcern,property,framed_concern_membership_referenced_concern,,ConcernUsage,element,R,yes,
Function,expression,property,function_expression,,Expression,element,A,yes,
Function,isModelLevelEvaluable,property,function_is_model_level_evaluable,,Boolean,primitive,N,yes,
Function,result,property,function_result,,Feature,element,R,yes,
IfActionUsage,elseAction,property,if_action_usage_else_action,,ActionUsage,element,N,yes,
IfActionUsage,ifArgument,property,if_action_usage_if_argument,,Expression,element,R,yes,
IfActionUsage,thenAction,property,if_action_usage_then_action,,ActionUsage,element,R,yes,
Import,importOwningNamespace,property,import_import_owning_namespace,,Namespace,element,R,yes,
Import,importedElement,property,import_imported_element,,Element,element,R,yes,
Import,isImportAll,property,import_is_import_all,,Boolean,primitive,N,no,
Import,isRecursive,property,import_is_recursive,,Boolean,primitive,N,no,
Import,visibility,property,import_visibility,,VisibilityKind,enum,N,no,
Import,importedMemberships,operation,import_imported_memberships,excluded,,,,,
IncludeUseCaseUsage,useCaseIncluded,property,include_use_case_usage_use_case_included,,UseCaseUsage,element,R,yes,
InstantiationExpression,argument,property,instantiation_expression_argument,,Expression,element,A,yes,
InstantiationExpression,instantiatedType,property,instantiation_expression_instantiated_type,,Type,element,R,yes,
InstantiationExpression,instantiatedType,operation,instantiation_expression_instantiated_type_op,,,,,,"RENAMED: collides with the same-named property on this class; operation suffixed ""_op"""
InterfaceDefinition,interfaceEnd,property,interface_definition_interface_end,,PortUsage,element,A,yes,
InterfaceUsage,interfaceDefinition,property,interface_usage_interface_definition,,InterfaceDefinition,element,A,yes,
Intersecting,intersectingType,property,intersecting_intersecting_type,,Type,element,R,no,
Intersecting,typeIntersected,property,intersecting_type_intersected,,Type,element,R,yes,
Invariant,isNegated,property,invariant_is_negated,,Boolean,primitive,N,no,
ItemUsage,itemDefinition,property,item_usage_item_definition,,Structure,element,A,yes,
LibraryPackage,isStandard,property,library_package_is_standard,,Boolean,primitive,N,no,
LiteralBoolean,value,property,literal_boolean_value,,Boolean,primitive,N,no,
LiteralInteger,value,property,literal_integer_value,,Integer,primitive,N,no,
LiteralRational,value,property,literal_rational_value,,Real,primitive,N,no,
LiteralString,value,property,literal_string_value,,String,primitive,N,no,
LoopActionUsage,bodyAction,property,loop_action_usage_body_action,,ActionUsage,element,R,yes,
Membership,memberElement,property,membership_member_element,,Element,element,R,no,
Membership,memberElementId,property,membership_member_element_id,,String,primitive,N,yes,
Membership,memberName,property,membership_member_name,,String,primitive,N,no,A function with this name exists today and appears to mean the same; confirm and reuse.
Membership,memberShortName,property,membership_member_short_name,,String,primitive,N,no,
Membership,membershipOwningNamespace,property,membership_membership_owning_namespace,,Namespace,element,R,yes,
Membership,visibility,property,membership_visibility,,VisibilityKind,enum,N,no,
Membership,isDistinguishableFrom,operation,membership_is_distinguishable_from,other,,,,,
MembershipImport,importedMembership,property,membership_import_imported_membership,,Membership,element,R,no,
MetadataAccessExpression,referencedElement,property,metadata_access_expression_referenced_element,,Element,element,R,yes,
MetadataAccessExpression,metaclassFeature,operation,metadata_access_expression_metaclass_feature,,,,,,
MetadataFeature,metaclass,property,metadata_feature_metaclass,,Metaclass,element,N,yes,
MetadataFeature,evaluateFeature,operation,metadata_feature_evaluate_feature,base_feature,,,,,
MetadataFeature,isSemantic,operation,metadata_feature_is_semantic,,,,,,
MetadataFeature,isSyntactic,operation,metadata_feature_is_syntactic,,,,,,
MetadataFeature,syntaxElement,operation,metadata_feature_syntax_element,,,,,,
MetadataUsage,metadataDefinition,property,metadata_usage_metadata_definition,,Metaclass,element,N,yes,
MultiplicityRange,bound,property,multiplicity_range_bound,,Expression,element,A,yes,
MultiplicityRange,lowerBound,property,multiplicity_range_lower_bound,,Expression,element,N,yes,
MultiplicityRange,upperBound,property,multiplicity_range_upper_bound,,Expression,element,R,yes,
MultiplicityRange,hasBounds,operation,multiplicity_range_has_bounds,lower;upper,,,,,
MultiplicityRange,valueOf,operation,multiplicity_range_value_of,bound,,,,,
Namespace,importedMembership,property,namespace_imported_membership,,Membership,element,A,yes,
Namespace,member,property,namespace_member,,Element,element,A,yes,
Namespace,membership,property,namespace_membership,,Membership,element,A,yes,
Namespace,ownedImport,property,namespace_owned_import,,Import,element,A,yes,
Namespace,ownedMember,property,namespace_owned_member,,Element,element,A,yes,
Namespace,ownedMembership,property,namespace_owned_membership,,Membership,element,A,yes,
Namespace,importedMemberships,operation,namespace_imported_memberships,excluded,,,,,
Namespace,membershipsOfVisibility,operation,namespace_memberships_of_visibility,visibility;excluded,,,,,
Namespace,namesOf,operation,namespace_names_of,element,,,,,
Namespace,qualificationOf,operation,namespace_qualification_of,qualified_name,,,,,
Namespace,resolve,operation,namespace_resolve,qualified_name,,,,,
Namespace,resolveGlobal,operation,namespace_resolve_global,qualified_name,,,,,
Namespace,resolveLocal,operation,namespace_resolve_local,name,,,,,
Namespace,resolveVisible,operation,namespace_resolve_visible,name,,,,,
Namespace,unqualifiedNameOf,operation,namespace_unqualified_name_of,qualified_name,,,,,
Namespace,visibilityOf,operation,namespace_visibility_of,mem,,,,,
Namespace,visibleMemberships,operation,namespace_visible_memberships,excluded;is_recursive;include_all,,,,,
NamespaceImport,importedNamespace,property,namespace_import_imported_namespace,,Namespace,element,R,no,
ObjectiveMembership,ownedObjectiveRequirement,property,objective_membership_owned_objective_requirement,,RequirementUsage,element,R,yes,
OccurrenceDefinition,isIndividual,property,occurrence_definition_is_individual,,Boolean,primitive,N,no,
OccurrenceUsage,individualDefinition,property,occurrence_usage_individual_definition,,OccurrenceDefinition,element,N,yes,
OccurrenceUsage,isIndividual,property,occurrence_usage_is_individual,,Boolean,primitive,N,no,
OccurrenceUsage,occurrenceDefinition,property,occurrence_usage_occurrence_definition,,Class,element,A,yes,
OccurrenceUsage,portionKind,property,occurrence_usage_portion_kind,,PortionKind,enum,N,no,
OperatorExpression,operator,property,operator_expression_operator,,String,primitive,N,no,
OwningMembership,ownedMemberElement,property,owning_membership_owned_member_element,,Element,element,R,yes,
OwningMembership,ownedMemberElementId,property,owning_membership_owned_member_element_id,,String,primitive,N,yes,
OwningMembership,ownedMemberName,property,owning_membership_owned_member_name,,String,primitive,N,yes,
OwningMembership,ownedMemberShortName,property,owning_membership_owned_member_short_name,,String,primitive,N,yes,
Package,filterCondition,property,package_filter_condition,,Expression,element,A,yes,
Package,includeAsMember,operation,package_include_as_member,element,,,,,
ParameterMembership,ownedMemberParameter,property,parameter_membership_owned_member_parameter,,Feature,element,R,yes,
ParameterMembership,parameterDirection,operation,parameter_membership_parameter_direction,,,,,,
PartUsage,partDefinition,property,part_usage_part_definition,,PartDefinition,element,A,yes,
PerformActionUsage,performedAction,property,perform_action_usage_performed_action,,ActionUsage,element,R,yes,
PortConjugation,conjugatedPortDefinition,property,port_conjugation_conjugated_port_definition,,ConjugatedPortDefinition,element,R,yes,
PortConjugation,originalPortDefinition,property,port_conjugation_original_port_definition,,PortDefinition,element,R,no,
PortDefinition,conjugatedPortDefinition,property,port_definition_conjugated_port_definition,,ConjugatedPortDefinition,element,N,yes,
PortUsage,portDefinition,property,port_usage_port_definition,,PortDefinition,element,A,yes,
Redefinition,redefinedFeature,property,redefinition_redefined_feature,,Feature,element,R,no,
Redefinition,redefiningFeature,property,redefinition_redefining_feature,,Feature,element,R,no,
ReferenceSubsetting,referencedFeature,property,reference_subsetting_referenced_feature,,Feature,element,R,no,
ReferenceSubsetting,referencingFeature,property,reference_subsetting_referencing_feature,,Feature,element,R,no,
Relationship,isImplied,property,relationship_is_implied,,Boolean,primitive,N,no,
Relationship,ownedRelatedElement,property,relationship_owned_related_element,,Element,element,A,no,
Relationship,owningRelatedElement,property,relationship_owning_related_element,,Element,element,N,no,
Relationship,relatedElement,property,relationship_related_element,,Element,element,A,yes,
Relationship,source,property,relationship_source,,Element,element,A,no,
Relationship,target,property,relationship_target,,Element,element,A,no,
RenderingDefinition,rendering,property,rendering_definition_rendering,,RenderingUsage,element,A,yes,
RenderingUsage,renderingDefinition,property,rendering_usage_rendering_definition,,RenderingDefinition,element,N,yes,
RequirementConstraintMembership,kind,property,requirement_constraint_membership_kind,,RequirementConstraintKind,enum,N,no,
RequirementConstraintMembership,ownedConstraint,property,requirement_constraint_membership_owned_constraint,,ConstraintUsage,element,R,yes,
RequirementConstraintMembership,referencedConstraint,property,requirement_constraint_membership_referenced_constraint,,ConstraintUsage,element,R,yes,
RequirementDefinition,actorParameter,property,requirement_definition_actor_parameter,,PartUsage,element,A,yes,
RequirementDefinition,assumedConstraint,property,requirement_definition_assumed_constraint,,ConstraintUsage,element,A,yes,
RequirementDefinition,framedConcern,property,requirement_definition_framed_concern,,ConcernUsage,element,A,yes,
RequirementDefinition,reqId,property,requirement_definition_req_id,,String,primitive,N,no,
RequirementDefinition,requiredConstraint,property,requirement_definition_required_constraint,,ConstraintUsage,element,A,yes,
RequirementDefinition,stakeholderParameter,property,requirement_definition_stakeholder_parameter,,PartUsage,element,A,yes,
RequirementDefinition,subjectParameter,property,requirement_definition_subject_parameter,,Usage,element,R,yes,
RequirementDefinition,text,property,requirement_definition_text,,String,primitive,A,yes,
RequirementUsage,actorParameter,property,requirement_usage_actor_parameter,,PartUsage,element,A,yes,
RequirementUsage,assumedConstraint,property,requirement_usage_assumed_constraint,,ConstraintUsage,element,A,yes,
RequirementUsage,framedConcern,property,requirement_usage_framed_concern,,ConcernUsage,element,A,yes,
RequirementUsage,reqId,property,requirement_usage_req_id,,String,primitive,N,no,
RequirementUsage,requiredConstraint,property,requirement_usage_required_constraint,,ConstraintUsage,element,A,yes,
RequirementUsage,requirementDefinition,property,requirement_usage_requirement_definition,,RequirementDefinition,element,N,yes,
RequirementUsage,stakeholderParameter,property,requirement_usage_stakeholder_parameter,,PartUsage,element,A,yes,
RequirementUsage,subjectParameter,property,requirement_usage_subject_parameter,,Usage,element,R,yes,
RequirementUsage,text,property,requirement_usage_text,,String,primitive,A,yes,
RequirementVerificationMembership,ownedRequirement,property,requirement_verification_membership_owned_requirement,,RequirementUsage,element,R,yes,
RequirementVerificationMembership,verifiedRequirement,property,requirement_verification_membership_verified_requirement,,RequirementUsage,element,R,yes,
ResultExpressionMembership,ownedResultExpression,property,result_expression_membership_owned_result_expression,,Expression,element,R,yes,
SatisfyRequirementUsage,satisfiedRequirement,property,satisfy_requirement_usage_satisfied_requirement,,RequirementUsage,element,R,yes,
SatisfyRequirementUsage,satisfyingFeature,property,satisfy_requirement_usage_satisfying_feature,,Feature,element,R,yes,
SendActionUsage,payloadArgument,property,send_action_usage_payload_argument,,Expression,element,R,yes,
SendActionUsage,receiverArgument,property,send_action_usage_receiver_argument,,Expression,element,N,yes,
SendActionUsage,senderArgument,property,send_action_usage_sender_argument,,Expression,element,N,yes,
Specialization,general,property,specialization_general,,Type,element,R,no,
Specialization,owningType,property,specialization_owning_type,,Type,element,N,yes,
Specialization,specific,property,specialization_specific,,Type,element,R,no,
StakeholderMembership,ownedStakeholderParameter,property,stakeholder_membership_owned_stakeholder_parameter,,PartUsage,element,R,yes,
StateDefinition,doAction,property,state_definition_do_action,,ActionUsage,element,N,yes,
StateDefinition,entryAction,property,state_definition_entry_action,,ActionUsage,element,N,yes,
StateDefinition,exitAction,property,state_definition_exit_action,,ActionUsage,element,N,yes,
StateDefinition,isParallel,property,state_definition_is_parallel,,Boolean,primitive,N,no,
StateDefinition,state,property,state_definition_state,,StateUsage,element,A,yes,
StateSubactionMembership,action,property,state_subaction_membership_action,,ActionUsage,element,R,yes,
StateSubactionMembership,kind,property,state_subaction_membership_kind,,StateSubactionKind,enum,N,no,
StateUsage,doAction,property,state_usage_do_action,,ActionUsage,element,N,yes,
StateUsage,entryAction,property,state_usage_entry_action,,ActionUsage,element,N,yes,
StateUsage,exitAction,property,state_usage_exit_action,,ActionUsage,element,N,yes,
StateUsage,isParallel,property,state_usage_is_parallel,,Boolean,primitive,N,no,
StateUsage,stateDefinition,property,state_usage_state_definition,,Behavior,element,A,yes,
StateUsage,isSubstateUsage,operation,state_usage_is_substate_usage,is_parallel,,,,,
Step,behavior,property,step_behavior,,Behavior,element,A,yes,
Step,parameter,property,step_parameter,,Feature,element,A,yes,
Subclassification,owningClassifier,property,subclassification_owning_classifier,,Classifier,element,N,yes,
Subclassification,subclassifier,property,subclassification_subclassifier,,Classifier,element,R,no,
Subclassification,superclassifier,property,subclassification_superclassifier,,Classifier,element,R,no,
SubjectMembership,ownedSubjectParameter,property,subject_membership_owned_subject_parameter,,Usage,element,R,yes,
Subsetting,owningFeature,property,subsetting_owning_feature,,Feature,element,N,yes,
Subsetting,subsettedFeature,property,subsetting_subsetted_feature,,Feature,element,R,no,
Subsetting,subsettingFeature,property,subsetting_subsetting_feature,,Feature,element,R,no,
TerminateActionUsage,terminatedOccurrenceArgument,property,terminate_action_usage_terminated_occurrence_argument,,Expression,element,N,yes,
TextualRepresentation,body,property,textual_representation_body,,String,primitive,S,no,
TextualRepresentation,language,property,textual_representation_language,,String,primitive,S,no,
TextualRepresentation,representedElement,property,textual_representation_represented_element,,Element,element,R,yes,
TransitionFeatureMembership,kind,property,transition_feature_membership_kind,,TransitionFeatureKind,enum,N,no,
TransitionFeatureMembership,transitionFeature,property,transition_feature_membership_transition_feature,,Step,element,R,yes,
TransitionUsage,effectAction,property,transition_usage_effect_action,,ActionUsage,element,A,yes,
TransitionUsage,guardExpression,property,transition_usage_guard_expression,,Expression,element,A,yes,
TransitionUsage,source,property,transition_usage_source,,ActionUsage,element,R,yes,
TransitionUsage,succession,property,transition_usage_succession,,Succession,element,R,yes,
TransitionUsage,target,property,transition_usage_target,,ActionUsage,element,R,yes,
TransitionUsage,triggerAction,property,transition_usage_trigger_action,,AcceptActionUsage,element,A,yes,
TransitionUsage,sourceFeature,operation,transition_usage_source_feature,,,,,,
TransitionUsage,triggerPayloadParameter,operation,transition_usage_trigger_payload_parameter,,,,,,
TriggerInvocationExpression,kind,property,trigger_invocation_expression_kind,,TriggerKind,enum,N,no,
Type,differencingType,property,type_differencing_type,,Type,element,A,yes,
Type,directedFeature,property,type_directed_feature,,Feature,element,A,yes,
Type,endFeature,property,type_end_feature,,Feature,element,A,yes,
Type,feature,property,type_feature,,Feature,element,A,yes,
Type,featureMembership,property,type_feature_membership,,FeatureMembership,element,A,yes,
Type,inheritedFeature,property,type_inherited_feature,,Feature,element,A,yes,
Type,inheritedMembership,property,type_inherited_membership,,Membership,element,A,yes,
Type,input,property,type_input,,Feature,element,A,yes,
Type,intersectingType,property,type_intersecting_type,,Type,element,A,yes,
Type,isAbstract,property,type_is_abstract,,Boolean,primitive,N,no,
Type,isConjugated,property,type_is_conjugated,,Boolean,primitive,N,yes,
Type,isSufficient,property,type_is_sufficient,,Boolean,primitive,N,no,
Type,multiplicity,property,type_multiplicity,,Multiplicity,element,N,yes,
Type,output,property,type_output,,Feature,element,A,yes,
Type,ownedConjugator,property,type_owned_conjugator,,Conjugation,element,N,yes,
Type,ownedDifferencing,property,type_owned_differencing,,Differencing,element,A,yes,
Type,ownedDisjoining,property,type_owned_disjoining,,Disjoining,element,A,yes,
Type,ownedEndFeature,property,type_owned_end_feature,,Feature,element,A,yes,
Type,ownedFeature,property,type_owned_feature,,Feature,element,A,yes,
Type,ownedFeatureMembership,property,type_owned_feature_membership,,FeatureMembership,element,A,yes,
Type,ownedIntersecting,property,type_owned_intersecting,,Intersecting,element,A,yes,
Type,ownedSpecialization,property,type_owned_specialization,,Specialization,element,A,yes,
Type,ownedUnioning,property,type_owned_unioning,,Unioning,element,A,yes,
Type,unioningType,property,type_unioning_type,,Type,element,A,yes,
Type,allRedefinedFeaturesOf,operation,type_all_redefined_features_of,membership,,,,,
Type,allSupertypes,operation,type_all_supertypes,,,,,,"the XMI parameter named ""result"" is the return value (specification signature checked 2026-09-27); not an argument"
Type,directionOf,operation,type_direction_of,feature,,,,,
Type,directionOfExcluding,operation,type_direction_of_excluding,feature;excluded,,,,,
Type,inheritableMemberships,operation,type_inheritable_memberships,excluded_namespaces;excluded_types;exclude_implied,,,,,
Type,inheritedMemberships,operation,type_inherited_memberships,excluded_namespaces;excluded_types;exclude_implied,,,,,
Type,isCompatibleWith,operation,type_is_compatible_with,other_type,,,,,
Type,multiplicities,operation,type_multiplicities,,,,,,
Type,nonPrivateMemberships,operation,type_non_private_memberships,excluded_namespaces;excluded_types;exclude_implied,,,,,
Type,removeRedefinedFeatures,operation,type_remove_redefined_features,memberships,,,,,
Type,specializes,operation,type_specializes,supertype,,,,,
Type,specializesFromLibrary,operation,type_specializes_from_library,library_type_name,,,,,
Type,supertypes,operation,type_supertypes,exclude_implied,,,,,
TypeFeaturing,featureOfType,property,type_featuring_feature_of_type,,Feature,element,R,no,
TypeFeaturing,featuringType,property,type_featuring_featuring_type,,Type,element,R,no,
TypeFeaturing,owningFeatureOfType,property,type_featuring_owning_feature_of_type,,Feature,element,N,yes,
Unioning,typeUnioned,property,unioning_type_unioned,,Type,element,R,yes,
Unioning,unioningType,property,unioning_unioning_type,,Type,element,R,no,
Usage,definition,property,usage_definition,,Classifier,element,A,yes,
Usage,directedUsage,property,usage_directed_usage,,Usage,element,A,yes,
Usage,isReference,property,usage_is_reference,,Boolean,primitive,N,yes,
Usage,isVariation,property,usage_is_variation,,Boolean,primitive,N,no,
Usage,mayTimeVary,property,usage_may_time_vary,,Boolean,primitive,N,yes,
Usage,nestedAction,property,usage_nested_action,,ActionUsage,element,A,yes,
Usage,nestedAllocation,property,usage_nested_allocation,,AllocationUsage,element,A,yes,
Usage,nestedAnalysisCase,property,usage_nested_analysis_case,,AnalysisCaseUsage,element,A,yes,
Usage,nestedAttribute,property,usage_nested_attribute,,AttributeUsage,element,A,yes,
Usage,nestedCalculation,property,usage_nested_calculation,,CalculationUsage,element,A,yes,
Usage,nestedCase,property,usage_nested_case,,CaseUsage,element,A,yes,
Usage,nestedConcern,property,usage_nested_concern,,ConcernUsage,element,A,yes,
Usage,nestedConnection,property,usage_nested_connection,,ConnectorAsUsage,element,A,yes,
Usage,nestedConstraint,property,usage_nested_constraint,,ConstraintUsage,element,A,yes,
Usage,nestedEnumeration,property,usage_nested_enumeration,,EnumerationUsage,element,A,yes,
Usage,nestedFlow,property,usage_nested_flow,,FlowUsage,element,A,yes,
Usage,nestedInterface,property,usage_nested_interface,,InterfaceUsage,element,A,yes,
Usage,nestedItem,property,usage_nested_item,,ItemUsage,element,A,yes,
Usage,nestedMetadata,property,usage_nested_metadata,,MetadataUsage,element,A,yes,
Usage,nestedOccurrence,property,usage_nested_occurrence,,OccurrenceUsage,element,A,yes,
Usage,nestedPart,property,usage_nested_part,,PartUsage,element,A,yes,
Usage,nestedPort,property,usage_nested_port,,PortUsage,element,A,yes,
Usage,nestedReference,property,usage_nested_reference,,ReferenceUsage,element,A,yes,
Usage,nestedRendering,property,usage_nested_rendering,,RenderingUsage,element,A,yes,
Usage,nestedRequirement,property,usage_nested_requirement,,RequirementUsage,element,A,yes,
Usage,nestedState,property,usage_nested_state,,StateUsage,element,A,yes,
Usage,nestedTransition,property,usage_nested_transition,,TransitionUsage,element,A,yes,
Usage,nestedUsage,property,usage_nested_usage,,Usage,element,A,yes,
Usage,nestedUseCase,property,usage_nested_use_case,,UseCaseUsage,element,A,yes,
Usage,nestedVerificationCase,property,usage_nested_verification_case,,VerificationCaseUsage,element,A,yes,
Usage,nestedView,property,usage_nested_view,,ViewUsage,element,A,yes,
Usage,nestedViewpoint,property,usage_nested_viewpoint,,ViewpointUsage,element,A,yes,
Usage,owningDefinition,property,usage_owning_definition,,Definition,element,N,yes,
Usage,owningUsage,property,usage_owning_usage,,Usage,element,N,yes,
Usage,usage,property,usage_usage,,Usage,element,A,yes,
Usage,variant,property,usage_variant,,Usage,element,A,yes,
Usage,variantMembership,property,usage_variant_membership,,VariantMembership,element,A,yes,
Usage,referencedFeatureTarget,operation,usage_referenced_feature_target,,,,,,
UseCaseDefinition,includedUseCase,property,use_case_definition_included_use_case,,UseCaseUsage,element,A,yes,
UseCaseUsage,includedUseCase,property,use_case_usage_included_use_case,,UseCaseUsage,element,A,yes,
UseCaseUsage,useCaseDefinition,property,use_case_usage_use_case_definition,,UseCaseDefinition,element,N,yes,
VariantMembership,ownedVariantUsage,property,variant_membership_owned_variant_usage,,Usage,element,R,yes,
VerificationCaseDefinition,verifiedRequirement,property,verification_case_definition_verified_requirement,,RequirementUsage,element,A,yes,
VerificationCaseUsage,verificationCaseDefinition,property,verification_case_usage_verification_case_definition,,VerificationCaseDefinition,element,N,yes,
VerificationCaseUsage,verifiedRequirement,property,verification_case_usage_verified_requirement,,RequirementUsage,element,A,yes,
ViewDefinition,satisfiedViewpoint,property,view_definition_satisfied_viewpoint,,ViewpointUsage,element,A,yes,
ViewDefinition,view,property,view_definition_view,,ViewUsage,element,A,yes,
ViewDefinition,viewCondition,property,view_definition_view_condition,,Expression,element,A,yes,
ViewDefinition,viewRendering,property,view_definition_view_rendering,,RenderingUsage,element,N,yes,
ViewRenderingMembership,ownedRendering,property,view_rendering_membership_owned_rendering,,RenderingUsage,element,R,yes,
ViewRenderingMembership,referencedRendering,property,view_rendering_membership_referenced_rendering,,RenderingUsage,element,R,yes,
ViewUsage,exposedElement,property,view_usage_exposed_element,,Element,element,A,yes,
ViewUsage,satisfiedViewpoint,property,view_usage_satisfied_viewpoint,,ViewpointUsage,element,A,yes,
ViewUsage,viewCondition,property,view_usage_view_condition,,Expression,element,A,yes,
ViewUsage,viewDefinition,property,view_usage_view_definition,,ViewDefinition,element,N,yes,
ViewUsage,viewRendering,property,view_usage_view_rendering,,RenderingUsage,element,N,yes,
ViewUsage,includeAsExposed,operation,view_usage_include_as_exposed,element,,,,,
ViewpointDefinition,viewpointStakeholder,property,viewpoint_definition_viewpoint_stakeholder,,PartUsage,element,A,yes,
ViewpointUsage,viewpointDefinition,property,viewpoint_usage_viewpoint_definition,,ViewpointDefinition,element,N,yes,
ViewpointUsage,viewpointStakeholder,property,viewpoint_usage_viewpoint_stakeholder,,PartUsage,element,A,yes,
WhileLoopActionUsage,untilArgument,property,while_loop_action_usage_until_argument,,Expression,element,N,yes,
WhileLoopActionUsage,whileArgument,property,while_loop_action_usage_while_argument,,Expression,element,R,yes,
